{"cameraMode":{"drawMode":0,"name":"Shaded","section":"Shading Mode"},"sceneLighting":true,"audioPlay":false,"sceneViewState":{"showFog":true,"showMaterialUpdate":true,"showSkybox":true,"showFlares":true,"showImageEffects":true,"showParticleSystems":true},"in2DMode":false,"pivot":{"x":0.04511934518814087,"y":1.1122260093688965,"z":-0.5053019523620606},"rotation":{"x":-0.035713598132133487,"y":-0.1240982785820961,"z":-0.004469499923288822,"w":0.9916176199913025},"size":0.5806626081466675,"orthographic":false}