{"cameraMode":{"drawMode":0,"name":"Shaded","section":"Shading Mode"},"sceneLighting":true,"audioPlay":false,"sceneViewState":{"showFog":true,"showMaterialUpdate":true,"showSkybox":true,"showFlares":true,"showImageEffects":true,"showParticleSystems":true},"in2DMode":false,"pivot":{"x":2.7320494651794435,"y":8.885773658752442,"z":0.10767936706542969},"rotation":{"x":-0.035713598132133487,"y":-0.1240982785820961,"z":-0.004469499923288822,"w":0.9916176199913025},"size":15.720738410949707,"orthographic":false}